,Name,Gender
0,An Bình,F
1,An Di,F
2,An Hạ,F
3,An Hằng,F
4,An Khê,F
5,An Nhiên,F
6,An Nhàn,F
7,Anh Chi,F
8,Anh Hương,F
9,Anh Mai,F
10,Anh Phương,F
11,Anh Thi,F
12,Anh Thy,F
13,Anh Thơ,F
14,Anh Thư,F
15,Anh Thảo,F
16,Anh Vũ,F
17,Anh Ðào,F
18,Ban Mai,F
19,Bình Minh,F
20,Bình Yên,F
21,Bích Chiêu,F
22,Bích Châu,F
23,Bích Duyên,F
24,Bích Hiền,F
25,Bích Huệ,F
26,Bích Hà,F
27,Bích Hạnh,F
28,Bích Hải,F
29,Bích Hảo,F
30,Bích Hậu,F
31,Bích Hằng,F
32,Bích Hồng,F
33,Bích Hợp,F
34,Bích Lam,F
35,Bích Liên,F
36,Bích Loan,F
37,Bích Nga,F
38,Bích Ngà,F
39,Bích Ngân,F
40,Bích Ngọc,F
41,Bích Như,F
42,Bích Phượng,F
43,Bích Quyên,F
44,Bích Quân,F
45,Bích San,F
46,Bích Thoa,F
47,Bích Thu,F
48,Bích Thảo,F
49,Bích Thủy,F
50,Bích Trang,F
51,Bích Trâm,F
52,Bích Ty,F
53,Bích Vân,F
54,Bích Ðiệp,F
55,Bích Ðào,F
56,Băng Băng,F
57,Băng Tâm,F
58,Bạch Cúc,F
59,Bạch Hoa,F
60,Bạch Kim,F
61,Bạch Liên,F
62,Bạch Loan,F
63,Bạch Mai,F
64,Bạch Quỳnh,F
65,Bạch Trà,F
66,Bạch Tuyết,F
67,Bạch Vân,F
68,Bạch Yến,F
69,Bảo Anh,F
70,Bảo Bình,F
71,Bảo Châu,F
72,Bảo Huệ,F
73,Bảo Hà,F
74,Bảo Hân,F
75,Bảo Lan,F
76,Bảo Lễ,F
77,Bảo Ngọc,F
78,Bảo Phương,F
79,Bảo Quyên,F
80,Bảo Quỳnh,F
81,Bảo Thoa,F
82,Bảo Thúy,F
83,Bảo Tiên,F
84,Bảo Trâm,F
85,Bảo Trân,F
86,Bảo Trúc,F
87,Bảo Uyên,F
88,Bảo Vy,F
89,Bảo Vân,F
90,Bội Linh,F
91,Cam Thảo,F
92,Chi Lan,F
93,Chi Mai,F
94,Chiêu Dương,F
95,Cát Cát,F
96,Cát Linh,F
97,Cát Ly,F
98,Cát Tiên,F
99,Cát Tường,F
100,Cẩm Hiền,F
101,Cẩm Hường,F
102,Cẩm Hạnh,F
103,Cẩm Linh,F
104,Cẩm Liên,F
105,Cẩm Ly,F
106,Cẩm Nhi,F
107,Cẩm Nhung,F
108,Cẩm Thúy,F
109,Cẩm Tú,F
110,Cẩm Vân,F
111,Cẩm Yến,F
112,Di Nhiên,F
113,Diên Vỹ,F
114,Diễm Chi,F
115,Diễm Châu,F
116,Diễm Hương,F
117,Diễm Hạnh,F
118,Diễm Hằng,F
119,Diễm Khuê,F
120,Diễm Kiều,F
121,Diễm Liên,F
122,Diễm Lộc,F
123,Diễm My,F
124,Diễm Phúc,F
125,Diễm Phương,F
126,Diễm Phước,F
127,Diễm Phượng,F
128,Diễm Quyên,F
129,Diễm Quỳnh,F
130,Diễm Thúy,F
131,Diễm Thư,F
132,Diễm Thảo,F
133,Diễm Trang,F
134,Diễm Trinh,F
135,Diễm Uyên,F
136,Diệp Anh,F
137,Diệp Vy,F
138,Diệu Anh,F
139,Diệu Hiền,F
140,Diệu Hoa,F
141,Diệu Huyền,F
142,Diệu Hương,F
143,Diệu Hạnh,F
144,Diệu Hằng,F
145,Diệu Hồng,F
146,Diệu Lan,F
147,Diệu Linh,F
148,Diệu Loan,F
149,Diệu Nga,F
150,Diệu Ngà,F
151,Diệu Ngọc,F
152,Diệu Nương,F
153,Diệu Thiện,F
154,Diệu Thúy,F
155,Diệu Vân,F
156,Diệu Ái,F
157,Duy Hạnh,F
158,Duy Mỹ,F
159,Duy Uyên,F
160,Duyên Hồng,F
161,Duyên My,F
162,Duyên Mỹ,F
163,Duyên Nương,F
164,Dã Lan,F
165,Dã Lâm,F
166,Dã Thảo,F
167,Dạ Hương,F
168,Dạ Lan,F
169,Dạ Nguyệt,F
170,Dạ Thi,F
171,Dạ Thảo,F
172,Dạ Yến,F
173,Gia Hân,F
174,Gia Khanh,F
175,Gia Linh,F
176,Gia Nhi,F
177,Gia Quỳnh,F
178,Giang Thanh,F
179,Giang Thiên,F
180,Giao Hưởng,F
181,Giao Kiều,F
182,Giao Linh,F
183,Giáng Ngọc,F
184,Giáng Tiên,F
185,Giáng Uyên,F
186,Hiếu Giang,F
187,Hiếu Hạnh,F
188,Hiếu Khanh,F
189,Hiếu Minh,F
190,Hiền Chung,F
191,Hiền Hòa,F
192,Hiền Mai,F
193,Hiền Nhi,F
194,Hiền Nương,F
195,Hiền Thục,F
196,Hiểu Lam,F
197,Hiểu Vân,F
198,Hoa Liên,F
199,Hoa Lý,F
200,Hoa Thiên,F
201,Hoa Tiên,F
202,Hoa Tranh,F
203,Hoài An,F
204,Hoài Giang,F
205,Hoài Hương,F
206,Hoài Phương,F
207,Hoài Thương,F
208,Hoài Trang,F
209,Hoài Vỹ,F
210,Hoàn Châu,F
211,Hoàn Vi,F
212,Hoàng Cúc,F
213,Hoàng Hà,F
214,Hoàng Kim,F
215,Hoàng Lan,F
216,Hoàng Mai,F
217,Hoàng Miên,F
218,Hoàng Nguyên,F
219,Hoàng Oanh,F
220,Hoàng Sa,F
221,Hoàng Thư,F
222,Hoàng Xuân,F
223,Hoàng Yến,F
224,Hoạ Mi,F
225,Huyền Anh,F
226,Huyền Diệu,F
227,Huyền Linh,F
228,Huyền Ngọc,F
229,Huyền Nhi,F
230,Huyền Thoại,F
231,Huyền Thư,F
232,Huyền Trang,F
233,Huyền Trâm,F
234,Huyền Trân,F
235,Huệ An,F
236,Huệ Hương,F
237,Huệ Hồng,F
238,Huệ Lan,F
239,Huệ Linh,F
240,Huệ Lâm,F
241,Huệ My,F
242,Huệ Phương,F
243,Huệ Thương,F
244,Huệ Ân,F
245,Huỳnh Anh,F
246,Hà Giang,F
247,Hà Liên,F
248,Hà Mi,F
249,Hà My,F
250,Hà Nhi,F
251,Hà Phương,F
252,Hà Thanh,F
253,Hà Tiên,F
254,Hàm Duyên,F
255,Hàm Nghi,F
256,Hàm Thơ,F
257,Hàm Ý,F
258,Hương Chi,F
259,Hương Giang,F
260,Hương Lan,F
261,Hương Liên,F
262,Hương Ly,F
263,Hương Lâm,F
264,Hương Mai,F
265,Hương Nhi,F
266,Hương Thu,F
267,Hương Thảo,F
268,Hương Thủy,F
269,Hương Tiên,F
270,Hương Trang,F
271,Hương Trà,F
272,Hương Xuân,F
273,Hướng Dương,F
274,Hạ Băng,F
275,Hạ Giang,F
276,Hạ Phương,F
277,Hạ Tiên,F
278,Hạ Uyên,F
279,Hạ Vy,F
280,Hạc Cúc,F
281,Hạnh Chi,F
282,Hạnh Dung,F
283,Hạnh Linh,F
284,Hạnh My,F
285,Hạnh Nga,F
286,Hạnh Nhơn,F
287,Hạnh Phương,F
288,Hạnh San,F
289,Hạnh Thảo,F
290,Hạnh Trang,F
291,Hạnh Vi,F
292,Hải Anh,F
293,Hải Châu,F
294,Hải Duyên,F
295,Hải Dương,F
296,Hải Miên,F
297,Hải My,F
298,Hải Mỹ,F
299,Hải Ngân,F
300,Hải Nhi,F
301,Hải Phương,F
302,Hải Phượng,F
303,Hải San,F
304,Hải Sinh,F
305,Hải Thanh,F
306,Hải Thảo,F
307,Hải Thụy,F
308,Hải Uyên,F
309,Hải Vy,F
310,Hải Vân,F
311,Hải Yến,F
312,Hải Ân,F
313,Hải Ðường,F
314,Hảo Nhi,F
315,Hằng Anh,F
316,Hằng Nga,F
317,Họa Mi,F
318,Hồ Diệp,F
319,Hồng Anh,F
320,Hồng Bạch Thảo,F
321,Hồng Châu,F
322,Hồng Diễm,F
323,Hồng Giang,F
324,Hồng Hoa,F
325,Hồng Hà,F
326,Hồng Hạnh,F
327,Hồng Khanh,F
328,Hồng Khuê,F
329,Hồng Khôi,F
330,Hồng Linh,F
331,Hồng Liên,F
332,Hồng Lâm,F
333,Hồng Mai,F
334,Hồng Nga,F
335,Hồng Ngân,F
336,Hồng Ngọc,F
337,Hồng Nhung,F
338,Hồng Như,F
339,Hồng Nhạn,F
340,Hồng Oanh,F
341,Hồng Phúc,F
342,Hồng Phương,F
343,Hồng Quế,F
344,Hồng Thu,F
345,Hồng Thúy,F
346,Hồng Thư,F
347,Hồng Thảo,F
348,Hồng Thắm,F
349,Hồng Thủy,F
350,Hồng Trúc,F
351,Hồng Tâm,F
352,Hồng Vân,F
353,Hồng Xuân,F
354,Hồng Ðiệp,F
355,Hồng Ðào,F
356,Hồng Đăng,F
357,Khiết Linh,F
358,Khiết Tâm,F
359,Khuê Trung,F
360,Khánh Chi,F
361,Khánh Giang,F
362,Khánh Giao,F
363,Khánh Huyền,F
364,Khánh Hà,F
365,Khánh Hằng,F
366,Khánh Linh,F
367,Khánh Ly,F
368,Khánh Mai,F
369,Khánh My,F
370,Khánh Ngân,F
371,Khánh Ngọc,F
372,Khánh Quyên,F
373,Khánh Quỳnh,F
374,Khánh Thủy,F
375,Khánh Trang,F
376,Khánh Vi,F
377,Khánh Vy,F
378,Khánh Vân,F
379,Khúc Lan,F
380,Khả Khanh,F
381,Khả Tú,F
382,Khả Ái,F
383,Khải Ca,F
384,Khải Hà,F
385,Khải Tâm,F
386,Kim Anh,F
387,Kim Chi,F
388,Kim Cương,F
389,Kim Dung,F
390,Kim Duyên,F
391,Kim Hoa,F
392,Kim Hương,F
393,Kim Khanh,F
394,Kim Khuyên,F
395,Kim Khánh,F
396,Kim Lan,F
397,Kim Liên,F
398,Kim Loan,F
399,Kim Ly,F
400,Kim Mai,F
401,Kim Ngân,F
402,Kim Ngọc,F
403,Kim Oanh,F
404,Kim Phượng,F
405,Kim Quyên,F
406,Kim Sa,F
407,Kim Thanh,F
408,Kim Thoa,F
409,Kim Thu,F
410,Kim Thy,F
411,Kim Thông,F
412,Kim Thư,F
413,Kim Thảo,F
414,Kim Thủy,F
415,Kim Trang,F
416,Kim Tuyến,F
417,Kim Tuyết,F
418,Kim Tuyền,F
419,Kim Xuyến,F
420,Kim Xuân,F
421,Kim Yến,F
422,Kim Ánh,F
423,Kim Đan,F
424,Kiết Hồng,F
425,Kiết Trinh,F
426,Kiều Anh,F
427,Kiều Diễm,F
428,Kiều Dung,F
429,Kiều Giang,F
430,Kiều Hoa,F
431,Kiều Hạnh,F
432,Kiều Khanh,F
433,Kiều Loan,F
434,Kiều Mai,F
435,Kiều Minh,F
436,Kiều Mỹ,F
437,Kiều Nga,F
438,Kiều Nguyệt,F
439,Kiều Nương,F
440,Kiều Thu,F
441,Kiều Trang,F
442,Kiều Trinh,F
443,Kỳ Anh,F
444,Kỳ Diệu,F
445,Kỳ Duyên,F
446,Lam Giang,F
447,Lam Hà,F
448,Lam Khê,F
449,Lam Ngọc,F
450,Lam Tuyền,F
451,Lan Anh,F
452,Lan Chi,F
453,Lan Hương,F
454,Lan Khuê,F
455,Lan Ngọc,F
456,Lan Nhi,F
457,Lan Phương,F
458,Lan Thương,F
459,Lan Trúc,F
460,Lan Vy,F
461,Linh Chi,F
462,Linh Châu,F
463,Linh Duyên,F
464,Linh Giang,F
465,Linh Hà,F
466,Linh Lan,F
467,Linh Nhi,F
468,Linh Phương,F
469,Linh Phượng,F
470,Linh San,F
471,Linh Trang,F
472,Linh Ðan,F
473,Liên Chi,F
474,Liên Hoa,F
475,Liên Hương,F
476,Liên Như,F
477,Liên Phương,F
478,Liên Trân,F
479,Liễu Oanh,F
480,Loan Châu,F
481,Ly Châu,F
482,Lâm Nhi,F
483,Lâm Oanh,F
484,Lâm Tuyền,F
485,Lâm Uyên,F
486,Lê Quỳnh,F
487,Lưu Ly,F
488,Lệ Băng,F
489,Lệ Chi,F
490,Lệ Giang,F
491,Lệ Hoa,F
492,Lệ Huyền,F
493,Lệ Khanh,F
494,Lệ Nga,F
495,Lệ Nhi,F
496,Lệ Quyên,F
497,Lệ Quân,F
498,Lệ Thanh,F
499,Lệ Thu,F
500,Lệ Thủy,F
501,Lộc Uyên,F
502,Lộc Uyển,F
503,Lục Bình,F
504,Mai Anh,F
505,Mai Chi,F
506,Mai Châu,F
507,Mai Hiền,F
508,Mai Hà,F
509,Mai Hương,F
510,Mai Hạ,F
511,Mai Khanh,F
512,Mai Khôi,F
513,Mai Lan,F
514,Mai Linh,F
515,Mai Liên,F
516,Mai Loan,F
517,Mai Ly,F
518,Mai Nhi,F
519,Mai Phương,F
520,Mai Quyên,F
521,Mai Thanh,F
522,Mai Thu,F
523,Mai Thy,F
524,Mai Thảo,F
525,Mai Trinh,F
526,Mai Tâm,F
527,Mai Vy,F
528,Minh An,F
529,Minh Châu,F
530,Minh Duyên,F
531,Minh Hiền,F
532,Minh Huyền,F
533,Minh Huệ,F
534,Minh Hà,F
535,Minh Hương,F
536,Minh Hạnh,F
537,Minh Hằng,F
538,Minh Hồng,F
539,Minh Khai,F
540,Minh Khuê,F
541,Minh Loan,F
542,Minh Minh,F
543,Minh Nguyệt,F
544,Minh Ngọc,F
545,Minh Nhi,F
546,Minh Như,F
547,Minh Phương,F
548,Minh Phượng,F
549,Minh Thu,F
550,Minh Thúy,F
551,Minh Thư,F
552,Minh Thương,F
553,Minh Thảo,F
554,Minh Thủy,F
555,Minh Trang,F
556,Minh Tuyết,F
557,Minh Tuệ,F
558,Minh Tâm,F
559,Minh Uyên,F
560,Minh Vy,F
561,Minh Xuân,F
562,Minh Yến,F
563,Minh Đan,F
564,Mậu Xuân,F
565,Mộc Miên,F
566,Mộng Hoa,F
567,Mộng Hương,F
568,Mộng Hằng,F
569,Mộng Lan,F
570,Mộng Liễu,F
571,Mộng Nguyệt,F
572,Mộng Nhi,F
573,Mộng Quỳnh,F
574,Mộng Thi,F
575,Mộng Thu,F
576,Mộng Tuyền,F
577,Mộng Vi,F
578,Mộng Vy,F
579,Mộng Vân,F
580,Mộng Ðiệp,F
581,Mỹ Anh,F
582,Mỹ Diễm,F
583,Mỹ Dung,F
584,Mỹ Duyên,F
585,Mỹ Hiệp,F
586,Mỹ Hoàn,F
587,Mỹ Huyền,F
588,Mỹ Huệ,F
589,Mỹ Hường,F
590,Mỹ Hạnh,F
591,Mỹ Khuyên,F
592,Mỹ Kiều,F
593,Mỹ Lan,F
594,Mỹ Loan,F
595,Mỹ Lệ,F
596,Mỹ Lợi,F
597,Mỹ Nga,F
598,Mỹ Ngọc,F
599,Mỹ Nhi,F
600,Mỹ Nhân,F
601,Mỹ Nương,F
602,Mỹ Phương,F
603,Mỹ Phượng,F
604,Mỹ Phụng,F
605,Mỹ Thuần,F
606,Mỹ Thuận,F
607,Mỹ Trang,F
608,Mỹ Trâm,F
609,Mỹ Tâm,F
610,Mỹ Uyên,F
611,Mỹ Vân,F
612,Mỹ Xuân,F
613,Mỹ Yến,F
614,Nghi Dung,F
615,Nghi Minh,F
616,Nghi Xuân,F
617,Nguyên Hồng,F
618,Nguyên Thảo,F
619,Nguyết Ánh,F
620,Nguyệt Anh,F
621,Nguyệt Cát,F
622,Nguyệt Cầm,F
623,Nguyệt Hà,F
624,Nguyệt Hồng,F
625,Nguyệt Lan,F
626,Nguyệt Minh,F
627,Nguyệt Nga,F
628,Nguyệt Quế,F
629,Nguyệt Uyển,F
630,Nguyệt Ánh,F
631,Ngân Anh,F
632,Ngân Hà,F
633,Ngân Thanh,F
634,Ngân Trúc,F
635,Ngọc Anh,F
636,Ngọc Bích,F
637,Ngọc Cầm,F
638,Ngọc Diệp,F
639,Ngọc Dung,F
640,Ngọc Hiền,F
641,Ngọc Hoa,F
642,Ngọc Hoan,F
643,Ngọc Hoàn,F
644,Ngọc Huyền,F
645,Ngọc Huệ,F
646,Ngọc Hà,F
647,Ngọc Hân,F
648,Ngọc Hạ,F
649,Ngọc Hạnh,F
650,Ngọc Hằng,F
651,Ngọc Khanh,F
652,Ngọc Khuê,F
653,Ngọc Khánh,F
654,Ngọc Lam,F
655,Ngọc Lan,F
656,Ngọc Linh,F
657,Ngọc Liên,F
658,Ngọc Loan,F
659,Ngọc Ly,F
660,Ngọc Lâm,F
661,Ngọc Lý,F
662,Ngọc Lệ,F
663,Ngọc Mai,F
664,Ngọc Nhi,F
665,Ngọc Nữ,F
666,Ngọc Oanh,F
667,Ngọc Phụng,F
668,Ngọc Quyên,F
669,Ngọc Quế,F
670,Ngọc Quỳnh,F
671,Ngọc San,F
672,Ngọc Sương,F
673,Ngọc Thi,F
674,Ngọc Thy,F
675,Ngọc Thơ,F
676,Ngọc Trinh,F
677,Ngọc Trâm,F
678,Ngọc Tuyết,F
679,Ngọc Tâm,F
680,Ngọc Tú,F
681,Ngọc Uyên,F
682,Ngọc Uyển,F
683,Ngọc Vy,F
684,Ngọc Vân,F
685,Ngọc Yến,F
686,Ngọc Ái,F
687,Ngọc Ánh,F
688,Ngọc Ðiệp,F
689,Ngọc Ðàn,F
690,Ngọc Ðào,F
691,Nhan Hồng,F
692,Nhã Hương,F
693,Nhã Hồng,F
694,Nhã Khanh,F
695,Nhã Lý,F
696,Nhã Mai,F
697,Nhã Sương,F
698,Nhã Thanh,F
699,Nhã Trang,F
700,Nhã Trúc,F
701,Nhã Uyên,F
702,Nhã Yến,F
703,Nhã Ý,F
704,Như Anh,F
705,Như Bảo,F
706,Như Hoa,F
707,Như Hảo,F
708,Như Hồng,F
709,Như Loan,F
710,Như Mai,F
711,Như Ngà,F
712,Như Ngọc,F
713,Như Phương,F
714,Như Quân,F
715,Như Quỳnh,F
716,Như Thảo,F
717,Như Trân,F
718,Như Tâm,F
719,Như Ý,F
720,Nhất Thương,F
721,Nhật Dạ,F
722,Nhật Hà,F
723,Nhật Hạ,F
724,Nhật Lan,F
725,Nhật Linh,F
726,Nhật Lệ,F
727,Nhật Mai,F
728,Nhật Phương,F
729,Nhật Ánh,F
730,Oanh Thơ,F
731,Oanh Vũ,F
732,Phi Khanh,F
733,Phi Nhung,F
734,Phi Nhạn,F
735,Phi Phi,F
736,Phi Phượng,F
737,Phong Lan,F
738,Phương An,F
739,Phương Anh,F
740,Phương Chi,F
741,Phương Châu,F
742,Phương Diễm,F
743,Phương Dung,F
744,Phương Giang,F
745,Phương Hiền,F
746,Phương Hoa,F
747,Phương Hạnh,F
748,Phương Lan,F
749,Phương Linh,F
750,Phương Liên,F
751,Phương Loan,F
752,Phương Mai,F
753,Phương Nghi,F
754,Phương Ngọc,F
755,Phương Nhi,F
756,Phương Nhung,F
757,Phương Phương,F
758,Phương Quyên,F
759,Phương Quân,F
760,Phương Quế,F
761,Phương Quỳnh,F
762,Phương Thanh,F
763,Phương Thi,F
764,Phương Thùy,F
765,Phương Thảo,F
766,Phương Thủy,F
767,Phương Trang,F
768,Phương Trinh,F
769,Phương Trà,F
770,Phương Trâm,F
771,Phương Tâm,F
772,Phương Uyên,F
773,Phương Yến,F
774,Phước Bình,F
775,Phước Huệ,F
776,Phượng Bích,F
777,Phượng Liên,F
778,Phượng Loan,F
779,Phượng Lệ,F
780,Phượng Nga,F
781,Phượng Nhi,F
782,Phượng Tiên,F
783,Phượng Uyên,F
784,Phượng Vy,F
785,Phượng Vũ,F
786,Phụng Yến,F
787,Quế Anh,F
788,Quế Chi,F
789,Quế Linh,F
790,Quế Lâm,F
791,Quế Phương,F
792,Quế Thu,F
793,Quỳnh Anh,F
794,Quỳnh Chi,F
795,Quỳnh Dao,F
796,Quỳnh Dung,F
797,Quỳnh Giang,F
798,Quỳnh Giao,F
799,Quỳnh Hoa,F
800,Quỳnh Hà,F
801,Quỳnh Hương,F
802,Quỳnh Lam,F
803,Quỳnh Liên,F
804,Quỳnh Lâm,F
805,Quỳnh Nga,F
806,Quỳnh Ngân,F
807,Quỳnh Nhi,F
808,Quỳnh Nhung,F
809,Quỳnh Như,F
810,Quỳnh Phương,F
811,Quỳnh Sa,F
812,Quỳnh Thanh,F
813,Quỳnh Thơ,F
814,Quỳnh Tiên,F
815,Quỳnh Trang,F
816,Quỳnh Trâm,F
817,Quỳnh Vân,F
818,Sao Băng,F
819,Sao Mai,F
820,Song Kê,F
821,Song Lam,F
822,Song Oanh,F
823,Song Thư,F
824,Sông Hà,F
825,Sông Hương,F
826,Sơn Ca,F
827,Sơn Tuyền,F
828,Sương Sương,F
829,Thanh Bình,F
830,Thanh Dân,F
831,Thanh Giang,F
832,Thanh Hiếu,F
833,Thanh Hiền,F
834,Thanh Hoa,F
835,Thanh Huyền,F
836,Thanh Hà,F
837,Thanh Hương,F
838,Thanh Hường,F
839,Thanh Hạnh,F
840,Thanh Hảo,F
841,Thanh Hằng,F
842,Thanh Hồng,F
843,Thanh Kiều,F
844,Thanh Lam,F
845,Thanh Lan,F
846,Thanh Loan,F
847,Thanh Lâm,F
848,Thanh Mai,F
849,Thanh Mẫn,F
850,Thanh Nga,F
851,Thanh Nguyên,F
852,Thanh Ngân,F
853,Thanh Ngọc,F
854,Thanh Nhung,F
855,Thanh Nhàn,F
856,Thanh Nhã,F
857,Thanh Phương,F
858,Thanh Thanh,F
859,Thanh Thiên,F
860,Thanh Thu,F
861,Thanh Thúy,F
862,Thanh Thư,F
863,Thanh Thảo,F
864,Thanh Thủy,F
865,Thanh Trang,F
866,Thanh Trúc,F
867,Thanh Tuyết,F
868,Thanh Tuyền,F
869,Thanh Tâm,F
870,Thanh Uyên,F
871,Thanh Vy,F
872,Thanh Vân,F
873,Thanh Xuân,F
874,Thanh Yến,F
875,Thanh Đan,F
876,Thi Cầm,F
877,Thi Ngôn,F
878,Thi Thi,F
879,Thi Xuân,F
880,Thi Yến,F
881,Thiên Di,F
882,Thiên Duyên,F
883,Thiên Giang,F
884,Thiên Hà,F
885,Thiên Hương,F
886,Thiên Khánh,F
887,Thiên Kim,F
888,Thiên Lam,F
889,Thiên Lan,F
890,Thiên Mai,F
891,Thiên Mỹ,F
892,Thiên Nga,F
893,Thiên Nương,F
894,Thiên Phương,F
895,Thiên Thanh,F
896,Thiên Thêu,F
897,Thiên Thư,F
898,Thiên Thảo,F
899,Thiên Trang,F
900,Thiên Tuyền,F
901,Thiếu Mai,F
902,Thiều Ly,F
903,Thiện Mỹ,F
904,Thiện Tiên,F
905,Thu Duyên,F
906,Thu Giang,F
907,Thu Hiền,F
908,Thu Hoài,F
909,Thu Huyền,F
910,Thu Huệ,F
911,Thu Hà,F
912,Thu Hậu,F
913,Thu Hằng,F
914,Thu Hồng,F
915,Thu Linh,F
916,Thu Liên,F
917,Thu Loan,F
918,Thu Mai,F
919,Thu Minh,F
920,Thu Nga,F
921,Thu Nguyệt,F
922,Thu Ngà,F
923,Thu Ngân,F
924,Thu Ngọc,F
925,Thu Nhiên,F
926,Thu Oanh,F
927,Thu Phong,F
928,Thu Phương,F
929,Thu Phượng,F
930,Thu Sương,F
931,Thu Thuận,F
932,Thu Thảo,F
933,Thu Thủy,F
934,Thu Trang,F
935,Thu Việt,F
936,Thu Vân,F
937,Thu Vọng,F
938,Thu Yến,F
939,Thuần Hậu,F
940,Thy Khanh,F
941,Thy Oanh,F
942,Thy Trúc,F
943,Thy Vân,F
944,Thái Chi,F
945,Thái Hà,F
946,Thái Hồng,F
947,Thái Lan,F
948,Thái Lâm,F
949,Thái Thanh,F
950,Thái Thảo,F
951,Thái Tâm,F
952,Thái Vân,F
953,Thùy Anh,F
954,Thùy Dung,F
955,Thùy Dương,F
956,Thùy Giang,F
957,Thùy Linh,F
958,Thùy Mi,F
959,Thùy My,F
960,Thùy Nhi,F
961,Thùy Như,F
962,Thùy Oanh,F
963,Thùy Uyên,F
964,Thùy Vân,F
965,Thúy Anh,F
966,Thúy Diễm,F
967,Thúy Hiền,F
968,Thúy Huyền,F
969,Thúy Hà,F
970,Thúy Hương,F
971,Thúy Hường,F
972,Thúy Hạnh,F
973,Thúy Hằng,F
974,Thúy Kiều,F
975,Thúy Liên,F
976,Thúy Liễu,F
977,Thúy Loan,F
978,Thúy Mai,F
979,Thúy Minh,F
980,Thúy My,F
981,Thúy Nga,F
982,Thúy Ngà,F
983,Thúy Ngân,F
984,Thúy Ngọc,F
985,Thúy Phượng,F
986,Thúy Quỳnh,F
987,Thúy Vi,F
988,Thúy Vy,F
989,Thúy Vân,F
990,Thơ Thơ,F
991,Thư Lâm,F
992,Thư Sương,F
993,Thương Huyền,F
994,Thương Nga,F
995,Thương Thương,F
996,Thường Xuân,F
997,Thạch Thảo,F
998,Thảo Hương,F
999,Thảo Hồng,F
1000,Thảo Linh,F
1001,Thảo Ly,F
1002,Thảo Mai,F
1003,Thảo My,F
1004,Thảo Nghi,F
1005,Thảo Nguyên,F
1006,Thảo Nhi,F
1007,Thảo Quyên,F
1008,Thảo Tiên,F
1009,Thảo Trang,F
1010,Thảo Uyên,F
1011,Thảo Vy,F
1012,Thảo Vân,F
1013,Thục Anh,F
1014,Thục Khuê,F
1015,Thục Nhi,F
1016,Thục Oanh,F
1017,Thục Quyên,F
1018,Thục Trang,F
1019,Thục Trinh,F
1020,Thục Tâm,F
1021,Thục Uyên,F
1022,Thục Vân,F
1023,Thục Ðoan,F
1024,Thục Ðào,F
1025,Thục Ðình,F
1026,Thụy Du,F
1027,Thụy Khanh,F
1028,Thụy Linh,F
1029,Thụy Lâm,F
1030,Thụy Miên,F
1031,Thụy Nương,F
1032,Thụy Trinh,F
1033,Thụy Trâm,F
1034,Thụy Uyên,F
1035,Thụy Vân,F
1036,Thụy Ðào,F
1037,Thủy Hằng,F
1038,Thủy Hồng,F
1039,Thủy Linh,F
1040,Thủy Minh,F
1041,Thủy Nguyệt,F
1042,Thủy Quỳnh,F
1043,Thủy Tiên,F
1044,Thủy Trang,F
1045,Thủy Tâm,F
1046,Tinh Tú,F
1047,Tiên Phương,F
1048,Tiểu Mi,F
1049,Tiểu My,F
1050,Tiểu Quỳnh,F
1051,Trang Anh,F
1052,Trang Linh,F
1053,Trang Nhã,F
1054,Trang Tâm,F
1055,Trang Ðài,F
1056,Triều Nguyệt,F
1057,Triều Thanh,F
1058,Triệu Mẫn,F
1059,Trung Anh,F
1060,Trà Giang,F
1061,Trà My,F
1062,Trâm Anh,F
1063,Trâm Oanh,F
1064,Trân Châu,F
1065,Trúc Chi,F
1066,Trúc Lam,F
1067,Trúc Lan,F
1068,Trúc Linh,F
1069,Trúc Liên,F
1070,Trúc Loan,F
1071,Trúc Ly,F
1072,Trúc Lâm,F
1073,Trúc Mai,F
1074,Trúc Phương,F
1075,Trúc Quân,F
1076,Trúc Quỳnh,F
1077,Trúc Vy,F
1078,Trúc Vân,F
1079,Trúc Ðào,F
1080,Trúc Đào,F
1081,Trầm Hương,F
1082,Tuyết Anh,F
1083,Tuyết Băng,F
1084,Tuyết Chi,F
1085,Tuyết Hoa,F
1086,Tuyết Hân,F
1087,Tuyết Hương,F
1088,Tuyết Hồng,F
1089,Tuyết Lan,F
1090,Tuyết Loan,F
1091,Tuyết Lâm,F
1092,Tuyết Mai,F
1093,Tuyết Nga,F
1094,Tuyết Nhi,F
1095,Tuyết Nhung,F
1096,Tuyết Oanh,F
1097,Tuyết Thanh,F
1098,Tuyết Trinh,F
1099,Tuyết Trầm,F
1100,Tuyết Tâm,F
1101,Tuyết Vy,F
1102,Tuyết Vân,F
1103,Tuyết Xuân,F
1104,Tuyền Lâm,F
1105,Tuệ Lâm,F
1106,Tuệ Mẫn,F
1107,Tuệ Nhi,F
1108,Tâm Hiền,F
1109,Tâm Hạnh,F
1110,Tâm Hằng,F
1111,Tâm Khanh,F
1112,Tâm Linh,F
1113,Tâm Nguyên,F
1114,Tâm Nguyệt,F
1115,Tâm Nhi,F
1116,Tâm Như,F
1117,Tâm Thanh,F
1118,Tâm Trang,F
1119,Tâm Ðoan,F
1120,Tâm Đan,F
1121,Tùng Linh,F
1122,Tùng Lâm,F
1123,Tùng Quân,F
1124,Tùy Anh,F
1125,Tùy Linh,F
1126,Tú Anh,F
1127,Tú Ly,F
1128,Tú Nguyệt,F
1129,Tú Quyên,F
1130,Tú Quỳnh,F
1131,Tú Sương,F
1132,Tú Trinh,F
1133,Tú Tâm,F
1134,Tú Uyên,F
1135,Túy Loan,F
1136,Tường Chinh,F
1137,Tường Vi,F
1138,Tường Vy,F
1139,Tường Vân,F
1140,Tịnh Lâm,F
1141,Tịnh Nhi,F
1142,Tịnh Như,F
1143,Tịnh Tâm,F
1144,Tịnh Yên,F
1145,Tố Loan,F
1146,Tố Nga,F
1147,Tố Nhi,F
1148,Tố Quyên,F
1149,Tố Tâm,F
1150,Tố Uyên,F
1151,Từ Dung,F
1152,Từ Ân,F
1153,Uyên Minh,F
1154,Uyên My,F
1155,Uyên Nhi,F
1156,Uyên Phương,F
1157,Uyên Thi,F
1158,Uyên Thy,F
1159,Uyên Thơ,F
1160,Uyên Trâm,F
1161,Uyên Vi,F
1162,Uyển Khanh,F
1163,Uyển My,F
1164,Uyển Nghi,F
1165,Uyển Nhi,F
1166,Uyển Nhã,F
1167,Uyển Như,F
1168,Vi Quyên,F
1169,Vinh Diệu,F
1170,Việt Hà,F
1171,Việt Hương,F
1172,Việt Khuê,F
1173,Việt Mi,F
1174,Việt Nga,F
1175,Việt Nhi,F
1176,Việt Thi,F
1177,Việt Trinh,F
1178,Việt Tuyết,F
1179,Việt Yến,F
1180,Vy Lam,F
1181,Vy Lan,F
1182,Vàng Anh,F
1183,Vành Khuyên,F
1184,Vân Anh,F
1185,Vân Chi,F
1186,Vân Du,F
1187,Vân Hà,F
1188,Vân Hương,F
1189,Vân Khanh,F
1190,Vân Khánh,F
1191,Vân Linh,F
1192,Vân Ngọc,F
1193,Vân Nhi,F
1194,Vân Phi,F
1195,Vân Phương,F
1196,Vân Quyên,F
1197,Vân Quỳnh,F
1198,Vân Thanh,F
1199,Vân Thúy,F
1200,Vân Thường,F
1201,Vân Tiên,F
1202,Vân Trang,F
1203,Vân Trinh,F
1204,Vũ Hồng,F
1205,Xuyến Chi,F
1206,Xuân Bảo,F
1207,Xuân Dung,F
1208,Xuân Hiền,F
1209,Xuân Hoa,F
1210,Xuân Hân,F
1211,Xuân Hương,F
1212,Xuân Hạnh,F
1213,Xuân Lan,F
1214,Xuân Linh,F
1215,Xuân Liễu,F
1216,Xuân Loan,F
1217,Xuân Lâm,F
1218,Xuân Mai,F
1219,Xuân Nghi,F
1220,Xuân Ngọc,F
1221,Xuân Nhi,F
1222,Xuân Nhiên,F
1223,Xuân Nương,F
1224,Xuân Phương,F
1225,Xuân Phượng,F
1226,Xuân Thanh,F
1227,Xuân Thu,F
1228,Xuân Thảo,F
1229,Xuân Thủy,F
1230,Xuân Trang,F
1231,Xuân Tâm,F
1232,Xuân Uyên,F
1233,Xuân Vân,F
1234,Xuân Yến,F
1235,Xuân xanh,F
1236,Yên Bằng,F
1237,Yên Mai,F
1238,Yên Nhi,F
1239,Yên Ðan,F
1240,Yên Đan,F
1241,Yến Anh,F
1242,Yến Hồng,F
1243,Yến Loan,F
1244,Yến Mai,F
1245,Yến My,F
1246,Yến Nhi,F
1247,Yến Oanh,F
1248,Yến Phương,F
1249,Yến Phượng,F
1250,Yến Thanh,F
1251,Yến Thảo,F
1252,Yến Trang,F
1253,Yến Trinh,F
1254,Yến Trâm,F
1255,Yến Ðan,F
1256,Ái Hồng,F
1257,Ái Khanh,F
1258,Ái Linh,F
1259,Ái Nhi,F
1260,Ái Nhân,F
1261,Ái Thi,F
1262,Ái Thy,F
1263,Ái Vân,F
1264,Ánh Dương,F
1265,Ánh Hoa,F
1266,Ánh Hồng,F
1267,Ánh Linh,F
1268,Ánh Lệ,F
1269,Ánh Mai,F
1270,Ánh Nguyệt,F
1271,Ánh Ngọc,F
1272,Ánh Thơ,F
1273,Ánh Trang,F
1274,Ánh Tuyết,F
1275,Ánh Xuân,F
1276,Ðan Khanh,F
1277,Ðan Quỳnh,F
1278,Ðan Thu,F
1279,Ðinh Hương,F
1280,Ðoan Thanh,F
1281,Ðoan Trang,F
1282,Ðài Trang,F
1283,Ðông Nghi,F
1284,Ðông Nhi,F
1285,Ðông Trà,F
1286,Ðông Tuyền,F
1287,Ðông Vy,F
1288,Ðông Ðào,F
1289,Ðồng Dao,F
1290,Ý Bình,F
1291,Ý Lan,F
1292,Ý Nhi,F
1293,Đan Linh,F
1294,Đan Quỳnh,F
1295,Đan Thanh,F
1296,Đan Thu,F
1297,Đan Thư,F
1298,Đan Tâm,F
1299,Đinh Hương,F
1300,Đoan Thanh,F
1301,Đoan Trang,F
1302,Đài Trang,F
1303,Đông Nghi,F
1304,Đông Trà,F
1305,Đông Tuyền,F
1306,Đông Vy,F
1307,Đơn Thuần,F
1308,Đức Hạnh,F
1309,Ấu Lăng,F
